Worker_ID,Date,Shift,Check_In,Check_Out,Hours_Worked,Attendance_Status,Efficiency (%),Production_Units
W001,2025-10-01,Evening,16:23,00:33,8.17,Present,81,46
W001,2025-10-02,Evening,16:35,00:28,7.88,Absent,0,0
W001,2025-10-03,Morning,08:57,16:52,7.92,Present,88,56
W001,2025-10-04,Morning,08:51,17:21,8.5,Present,93,40
W001,2025-10-05,Evening,16:10,00:03,7.88,Present,91,48
W001,2025-10-06,Evening,16:12,23:57,7.75,Present,79,35
W001,2025-10-07,Night,00:44,08:32,7.8,Present,93,38
W001,2025-10-08,Evening,16:32,00:51,8.32,Present,95,39
W001,2025-10-09,Evening,16:46,00:43,7.95,Present,76,35
W001,2025-10-10,Night,00:12,08:37,8.42,Present,76,45
W002,2025-10-01,Morning,08:44,16:47,8.05,Present,98,58
W002,2025-10-02,Evening,16:01,00:03,8.03,Present,97,51
W002,2025-10-03,Night,00:42,09:05,8.38,Absent,0,0
W002,2025-10-04,Morning,08:09,16:13,8.07,Present,97,59
W002,2025-10-05,Night,00:13,08:39,8.43,Present,71,32
W002,2025-10-06,Evening,16:18,00:14,7.93,Absent,0,0
W002,2025-10-07,Evening,16:48,00:40,7.87,Present,91,50
W002,2025-10-08,Morning,08:18,16:21,8.05,Present,94,43
W002,2025-10-09,Evening,16:27,00:47,8.33,Present,74,40
W002,2025-10-10,Morning,08:25,16:35,8.17,Absent,0,0
W003,2025-10-01,Night,00:43,08:47,8.07,Present,88,36
W003,2025-10-02,Morning,08:35,16:35,8,Present,87,43
W003,2025-10-03,Night,00:51,08:47,7.93,Present,92,58
W003,2025-10-04,Night,00:31,08:17,7.77,Present,81,58
W003,2025-10-05,Night,00:16,08:28,8.2,Present,85,35
W003,2025-10-06,Morning,08:27,16:56,8.48,Present,92,46
W003,2025-10-07,Night,00:39,08:31,7.87,Present,75,40
W003,2025-10-08,Morning,08:39,16:29,7.83,Absent,0,0
W003,2025-10-09,Morning,08:34,16:25,7.85,Present,85,36
W003,2025-10-10,Morning,08:40,16:55,8.25,Absent,0,0
W004,2025-10-01,Morning,08:27,16:23,7.93,Present,81,31
W004,2025-10-02,Night,00:01,07:52,7.85,Present,99,49
W004,2025-10-03,Evening,16:34,00:27,7.88,Present,95,32
W004,2025-10-04,Night,00:53,08:44,7.85,Present,74,57
W004,2025-10-05,Evening,16:23,00:16,7.88,Absent,0,0
W004,2025-10-06,Morning,08:22,16:44,8.37,Present,93,36
W004,2025-10-07,Evening,16:30,00:56,8.43,Present,97,31
W004,2025-10-08,Evening,16:49,00:49,8,Present,99,60
W004,2025-10-09,Morning,08:57,17:08,8.18,Present,98,39
W004,2025-10-10,Morning,08:57,16:49,7.87,Present,100,42
W005,2025-10-01,Morning,08:35,16:43,8.13,Present,92,46
W005,2025-10-02,Evening,16:37,01:07,8.5,Present,78,47
W005,2025-10-03,Night,00:29,08:16,7.78,Present,97,60
W005,2025-10-04,Morning,08:58,16:44,7.77,Present,80,60
W005,2025-10-05,Evening,16:03,00:22,8.32,Present,90,46
W005,2025-10-06,Morning,08:11,16:35,8.4,Present,87,50
W005,2025-10-07,Night,00:54,08:44,7.83,Present,80,33
W005,2025-10-08,Night,00:40,08:50,8.17,Present,98,32
W005,2025-10-09,Night,00:53,08:54,8.02,Present,79,36
W005,2025-10-10,Night,00:18,08:40,8.37,Present,77,35
W006,2025-10-01,Evening,16:20,00:13,7.88,Present,76,54
W006,2025-10-02,Night,00:06,07:51,7.75,Present,100,57
W006,2025-10-03,Morning,08:47,16:46,7.98,Present,73,59
W006,2025-10-04,Evening,16:12,00:01,7.82,Present,90,33
W006,2025-10-05,Night,00:18,08:18,8,Present,70,44
W006,2025-10-06,Night,00:00,07:58,7.97,Absent,0,0
W006,2025-10-07,Evening,16:45,00:40,7.92,Present,97,50
W006,2025-10-08,Night,00:09,08:03,7.9,Present,87,37
W006,2025-10-09,Morning,08:38,17:00,8.37,Present,87,30
W006,2025-10-10,Morning,08:49,17:19,8.5,Present,74,40
W007,2025-10-01,Evening,16:10,00:06,7.93,Present,92,53
W007,2025-10-02,Night,00:44,09:02,8.3,Present,99,49
W007,2025-10-03,Evening,16:20,00:48,8.47,Present,94,47
W007,2025-10-04,Morning,08:02,15:59,7.95,Absent,0,0
W007,2025-10-05,Morning,08:31,16:47,8.27,Present,79,45
W007,2025-10-06,Night,00:45,08:31,7.77,Present,80,53
W007,2025-10-07,Evening,16:20,00:10,7.83,Present,85,37
W007,2025-10-08,Evening,16:12,00:31,8.32,Present,70,33
W007,2025-10-09,Evening,16:12,00:06,7.9,Present,75,38
W007,2025-10-10,Evening,16:00,23:57,7.95,Absent,0,0
W008,2025-10-01,Night,00:31,08:38,8.12,Absent,0,0
W008,2025-10-02,Night,00:32,08:49,8.28,Present,74,37
W008,2025-10-03,Evening,16:51,01:20,8.48,Present,85,55
W008,2025-10-04,Evening,16:01,00:23,8.37,Present,83,46
W008,2025-10-05,Evening,16:26,00:18,7.87,Present,73,34
W008,2025-10-06,Night,00:49,08:37,7.8,Present,80,45
W008,2025-10-07,Night,00:43,08:44,8.02,Present,83,38
W008,2025-10-08,Evening,16:57,01:14,8.28,Present,75,32
W008,2025-10-09,Night,00:07,08:11,8.07,Present,75,33
W008,2025-10-10,Evening,16:50,01:19,8.48,Present,99,52
W009,2025-10-01,Evening,16:43,00:45,8.03,Present,84,34
W009,2025-10-02,Morning,08:20,16:37,8.28,Absent,0,0
W009,2025-10-03,Morning,08:47,17:07,8.33,Present,96,31
W009,2025-10-04,Morning,08:20,16:47,8.45,Present,89,47
W009,2025-10-05,Evening,16:36,01:04,8.47,Present,94,54
W009,2025-10-06,Night,00:49,09:17,8.47,Absent,0,0
W009,2025-10-07,Night,00:30,08:52,8.37,Present,78,38
W009,2025-10-08,Night,00:17,08:18,8.02,Absent,0,0
W009,2025-10-09,Morning,08:40,16:26,7.77,Present,85,33
W009,2025-10-10,Night,00:22,08:28,8.1,Present,99,43
W010,2025-10-01,Night,00:48,08:35,7.78,Absent,0,0
W010,2025-10-02,Evening,16:18,00:37,8.32,Present,83,45
W010,2025-10-03,Evening,16:22,00:26,8.07,Present,97,54
W010,2025-10-04,Night,00:57,09:18,8.35,Present,88,55
W010,2025-10-05,Morning,08:54,16:41,7.78,Present,97,33
W010,2025-10-06,Night,00:12,08:14,8.03,Present,99,36
W010,2025-10-07,Evening,16:51,01:07,8.27,Present,71,31
W010,2025-10-08,Evening,16:22,00:34,8.2,Present,70,33
W010,2025-10-09,Night,00:53,09:12,8.32,Absent,0,0
W010,2025-10-10,Evening,16:10,00:16,8.1,Present,87,52
W011,2025-10-01,Morning,08:16,16:07,7.85,Present,82,33
W011,2025-10-02,Evening,16:03,23:49,7.77,Present,75,45
W011,2025-10-03,Morning,08:49,17:00,8.18,Present,83,46
W011,2025-10-04,Morning,08:29,16:55,8.43,Present,91,43
W011,2025-10-05,Evening,16:20,00:29,8.15,Present,100,30
W011,2025-10-06,Night,00:35,08:53,8.3,Present,81,32
W011,2025-10-07,Morning,08:38,16:49,8.18,Absent,0,0
W011,2025-10-08,Evening,16:57,00:51,7.9,Present,89,48
W011,2025-10-09,Morning,08:03,15:57,7.9,Present,98,59
W011,2025-10-10,Night,00:19,08:37,8.3,Present,78,44
W012,2025-10-01,Morning,08:00,16:29,8.48,Absent,0,0
W012,2025-10-02,Night,00:08,08:01,7.88,Present,88,46
W012,2025-10-03,Night,00:08,08:33,8.42,Present,94,45
W012,2025-10-04,Evening,16:29,00:52,8.38,Present,71,31
W012,2025-10-05,Evening,16:05,00:26,8.35,Present,97,35
W012,2025-10-06,Night,00:16,08:09,7.88,Present,88,46
W012,2025-10-07,Night,00:34,08:20,7.77,Present,85,43
W012,2025-10-08,Morning,08:45,16:35,7.83,Present,71,60
W012,2025-10-09,Morning,08:08,16:16,8.13,Present,98,57
W012,2025-10-10,Night,00:14,08:14,8,Absent,0,0
W013,2025-10-01,Night,00:43,08:44,8.02,Absent,0,0
W013,2025-10-02,Night,00:13,08:39,8.43,Present,73,58
W013,2025-10-03,Night,00:22,08:21,7.98,Present,77,43
W013,2025-10-04,Evening,16:59,00:53,7.9,Present,75,49
W013,2025-10-05,Evening,16:53,01:22,8.48,Present,90,36
W013,2025-10-06,Morning,08:48,17:17,8.48,Present,84,45
W013,2025-10-07,Morning,08:36,16:47,8.18,Present,76,33
W013,2025-10-08,Morning,08:18,16:43,8.42,Present,71,58
W013,2025-10-09,Morning,08:53,16:54,8.02,Absent,0,0
W013,2025-10-10,Night,00:16,08:19,8.05,Present,97,36
W014,2025-10-01,Night,00:29,08:56,8.45,Present,86,55
W014,2025-10-02,Evening,16:44,01:01,8.28,Present,88,44
W014,2025-10-03,Morning,08:45,17:13,8.47,Present,78,38
W014,2025-10-04,Evening,16:15,00:41,8.43,Present,84,50
W014,2025-10-05,Night,00:02,07:51,7.82,Present,88,55
W014,2025-10-06,Evening,16:02,23:49,7.78,Present,82,45
W014,2025-10-07,Evening,16:38,00:51,8.22,Present,76,41
W014,2025-10-08,Evening,16:33,00:32,7.98,Absent,0,0
W014,2025-10-09,Morning,08:02,15:56,7.9,Present,91,37
W014,2025-10-10,Evening,16:47,01:10,8.38,Present,97,44
W015,2025-10-01,Night,00:07,08:21,8.23,Present,77,34
W015,2025-10-02,Night,00:40,08:28,7.8,Present,72,53
W015,2025-10-03,Evening,16:21,00:13,7.87,Absent,0,0
W015,2025-10-04,Morning,08:20,16:44,8.4,Absent,0,0
W015,2025-10-05,Evening,16:51,00:48,7.95,Present,95,49
W015,2025-10-06,Evening,16:51,00:58,8.12,Present,92,37
W015,2025-10-07,Night,00:22,08:33,8.18,Absent,0,0
W015,2025-10-08,Evening,16:08,00:03,7.92,Absent,0,0
W015,2025-10-09,Evening,16:20,00:34,8.23,Present,86,53
W015,2025-10-10,Night,00:24,08:12,7.8,Present,95,31
W016,2025-10-01,Morning,08:52,16:44,7.87,Present,85,58
W016,2025-10-02,Night,00:31,08:16,7.75,Present,98,36
W016,2025-10-03,Evening,16:37,00:25,7.8,Present,90,45
W016,2025-10-04,Evening,16:45,01:07,8.37,Present,90,51
W016,2025-10-05,Evening,16:15,00:30,8.25,Present,100,50
W016,2025-10-06,Evening,16:24,00:20,7.93,Present,94,33
W016,2025-10-07,Morning,08:45,17:08,8.38,Present,80,44
W016,2025-10-08,Morning,08:47,16:36,7.82,Present,86,53
W016,2025-10-09,Evening,16:09,00:05,7.93,Present,72,34
W016,2025-10-10,Night,00:23,08:41,8.3,Present,76,51
W017,2025-10-01,Night,00:49,09:05,8.27,Present,79,54
W017,2025-10-02,Night,00:20,08:26,8.1,Present,75,58
W017,2025-10-03,Morning,08:33,16:31,7.97,Present,71,58
W017,2025-10-04,Night,00:04,07:54,7.83,Present,74,36
W017,2025-10-05,Night,00:18,08:36,8.3,Present,80,47
W017,2025-10-06,Night,00:15,08:32,8.28,Present,88,52
W017,2025-10-07,Evening,16:24,00:22,7.97,Present,71,39
W017,2025-10-08,Morning,08:49,16:41,7.87,Absent,0,0
W017,2025-10-09,Evening,16:04,23:56,7.87,Present,90,33
W017,2025-10-10,Evening,16:00,00:03,8.05,Present,100,49
W018,2025-10-01,Night,00:07,08:03,7.93,Present,87,42
W018,2025-10-02,Morning,08:19,16:23,8.07,Present,97,60
W018,2025-10-03,Night,00:42,08:40,7.97,Present,86,49
W018,2025-10-04,Night,00:22,08:14,7.87,Present,82,58
W018,2025-10-05,Night,00:30,08:45,8.25,Present,79,60
W018,2025-10-06,Evening,16:20,00:05,7.75,Present,99,49
W018,2025-10-07,Night,00:42,08:50,8.13,Present,80,40
W018,2025-10-08,Morning,08:34,16:35,8.02,Present,89,31
W018,2025-10-09,Morning,08:44,16:47,8.05,Present,72,52
W018,2025-10-10,Morning,08:08,15:53,7.75,Present,95,34
W019,2025-10-01,Morning,08:06,16:11,8.08,Present,85,33
W019,2025-10-02,Evening,16:48,00:49,8.02,Present,74,32
W019,2025-10-03,Morning,08:18,16:44,8.43,Present,100,45
W019,2025-10-04,Morning,08:09,16:18,8.15,Present,80,54
W019,2025-10-05,Night,00:41,09:06,8.42,Absent,0,0
W019,2025-10-06,Morning,08:06,15:54,7.8,Present,80,55
W019,2025-10-07,Morning,08:11,16:35,8.4,Present,86,58
W019,2025-10-08,Night,00:29,08:53,8.4,Present,85,47
W019,2025-10-09,Night,00:59,09:05,8.1,Present,87,48
W019,2025-10-10,Night,00:57,09:24,8.45,Present,83,60
W020,2025-10-01,Night,00:21,08:19,7.97,Present,90,37
W020,2025-10-02,Morning,08:41,16:30,7.82,Present,91,58
W020,2025-10-03,Night,00:12,08:40,8.47,Present,94,54
W020,2025-10-04,Night,00:59,08:54,7.92,Present,90,37
W020,2025-10-05,Evening,16:20,00:44,8.4,Present,92,42
W020,2025-10-06,Night,00:20,08:47,8.45,Present,78,57
W020,2025-10-07,Evening,16:28,00:41,8.22,Present,76,41
W020,2025-10-08,Night,00:39,09:04,8.42,Present,93,54
W020,2025-10-09,Morning,08:50,17:12,8.37,Absent,0,0
W020,2025-10-10,Evening,16:27,00:47,8.33,Present,86,60
W021,2025-10-01,Evening,16:04,00:22,8.3,Present,95,42
W021,2025-10-02,Morning,08:12,16:33,8.35,Present,71,49
W021,2025-10-03,Night,00:21,08:49,8.47,Present,82,37
W021,2025-10-04,Morning,08:37,16:28,7.85,Present,86,54
W021,2025-10-05,Morning,08:36,16:52,8.27,Present,78,44
W021,2025-10-06,Evening,16:17,00:38,8.35,Present,71,30
W021,2025-10-07,Morning,08:13,16:21,8.13,Present,98,59
W021,2025-10-08,Morning,08:05,16:31,8.43,Absent,0,0
W021,2025-10-09,Evening,16:13,00:34,8.35,Absent,0,0
W021,2025-10-10,Morning,08:32,16:22,7.83,Present,100,52
W022,2025-10-01,Morning,08:03,16:13,8.17,Present,81,33
W022,2025-10-02,Night,00:10,08:02,7.87,Present,84,58
W022,2025-10-03,Evening,16:16,00:41,8.42,Present,95,46
W022,2025-10-04,Morning,08:53,17:23,8.5,Present,78,51
W022,2025-10-05,Morning,08:07,15:57,7.83,Present,71,37
W022,2025-10-06,Night,00:30,08:40,8.17,Present,94,47
W022,2025-10-07,Evening,16:54,00:45,7.85,Present,80,50
W022,2025-10-08,Evening,16:49,00:48,7.98,Present,92,60
W022,2025-10-09,Morning,08:21,16:34,8.22,Present,90,30
W022,2025-10-10,Morning,08:10,16:23,8.22,Present,72,34
W023,2025-10-01,Morning,08:55,17:18,8.38,Present,97,50
W023,2025-10-02,Night,00:04,08:05,8.02,Present,93,35
W023,2025-10-03,Night,00:34,08:41,8.12,Present,86,58
W023,2025-10-04,Night,00:22,08:17,7.92,Present,75,54
W023,2025-10-05,Morning,08:43,16:28,7.75,Present,70,50
W023,2025-10-06,Morning,08:11,16:22,8.18,Present,74,46
W023,2025-10-07,Evening,16:17,00:34,8.28,Present,78,40
W023,2025-10-08,Morning,08:50,17:03,8.22,Present,82,35
W023,2025-10-09,Evening,16:55,01:22,8.45,Present,72,53
W023,2025-10-10,Morning,08:59,16:49,7.83,Present,82,59
W024,2025-10-01,Night,00:26,08:19,7.88,Present,90,60
W024,2025-10-02,Night,00:52,08:58,8.1,Present,76,36
W024,2025-10-03,Morning,08:34,16:24,7.83,Present,95,58
W024,2025-10-04,Evening,16:41,01:01,8.33,Present,72,41
W024,2025-10-05,Evening,16:35,00:33,7.97,Present,74,59
W024,2025-10-06,Night,00:52,09:04,8.2,Present,72,56
W024,2025-10-07,Morning,08:13,16:38,8.42,Present,75,39
W024,2025-10-08,Night,00:21,08:07,7.77,Present,94,54
W024,2025-10-09,Morning,08:03,16:06,8.05,Present,100,60
W024,2025-10-10,Morning,08:30,16:37,8.12,Present,74,55
W025,2025-10-01,Night,00:42,08:46,8.07,Present,72,54
W025,2025-10-02,Night,00:48,09:17,8.48,Present,100,32
W025,2025-10-03,Morning,08:51,16:51,8,Present,80,45
W025,2025-10-04,Morning,08:05,16:32,8.45,Present,83,39
W025,2025-10-05,Evening,16:47,01:08,8.35,Present,95,45
W025,2025-10-06,Evening,16:55,00:40,7.75,Present,99,39
W025,2025-10-07,Evening,16:50,00:35,7.75,Present,94,49
W025,2025-10-08,Evening,16:56,01:04,8.13,Absent,0,0
W025,2025-10-09,Night,00:46,09:10,8.4,Present,96,56
W025,2025-10-10,Evening,16:21,00:51,8.5,Present,83,59
W026,2025-10-01,Night,00:26,08:45,8.32,Present,72,38
W026,2025-10-02,Morning,08:29,16:45,8.27,Present,98,39
W026,2025-10-03,Evening,16:15,00:44,8.48,Present,95,47
W026,2025-10-04,Morning,08:50,16:53,8.05,Present,90,53
W026,2025-10-05,Evening,16:46,00:50,8.07,Present,71,57
W026,2025-10-06,Evening,16:49,01:06,8.28,Present,80,35
W026,2025-10-07,Evening,16:40,00:53,8.22,Present,83,59
W026,2025-10-08,Night,00:37,08:55,8.3,Present,94,38
W026,2025-10-09,Night,00:54,08:42,7.8,Present,78,43
W026,2025-10-10,Evening,16:32,00:50,8.3,Present,83,48
W027,2025-10-01,Night,00:57,08:42,7.75,Present,77,41
W027,2025-10-02,Evening,16:35,00:33,7.97,Present,93,34
W027,2025-10-03,Morning,08:01,16:04,8.05,Present,85,35
W027,2025-10-04,Morning,08:29,16:36,8.12,Absent,0,0
W027,2025-10-05,Night,00:11,08:03,7.87,Present,90,44
W027,2025-10-06,Morning,08:50,16:45,7.92,Present,91,58
W027,2025-10-07,Night,00:14,08:17,8.05,Present,78,56
W027,2025-10-08,Evening,16:19,00:35,8.27,Present,99,50
W027,2025-10-09,Night,00:02,08:05,8.05,Present,98,35
W027,2025-10-10,Night,00:52,08:38,7.77,Present,73,43
W028,2025-10-01,Evening,16:23,00:14,7.85,Present,82,42
W028,2025-10-02,Night,00:19,08:20,8.02,Present,100,53
W028,2025-10-03,Evening,16:28,00:56,8.47,Present,79,46
W028,2025-10-04,Evening,16:58,01:13,8.25,Present,81,58
W028,2025-10-05,Night,00:42,08:49,8.12,Present,87,40
W028,2025-10-06,Night,00:43,08:53,8.17,Present,84,42
W028,2025-10-07,Night,00:09,08:27,8.3,Present,94,32
W028,2025-10-08,Morning,08:47,17:02,8.25,Present,71,52
W028,2025-10-09,Night,00:32,08:57,8.42,Present,76,42
W028,2025-10-10,Morning,08:57,16:59,8.03,Present,99,30
W029,2025-10-01,Evening,16:43,01:07,8.4,Present,72,39
W029,2025-10-02,Evening,16:48,01:03,8.25,Present,86,40
W029,2025-10-03,Night,00:58,08:54,7.93,Present,72,43
W029,2025-10-04,Night,00:44,08:30,7.77,Present,88,43
W029,2025-10-05,Night,00:39,08:57,8.3,Present,78,59
W029,2025-10-06,Evening,16:09,00:14,8.08,Present,90,40
W029,2025-10-07,Evening,16:26,00:33,8.12,Present,75,53
W029,2025-10-08,Evening,16:41,00:31,7.83,Absent,0,0
W029,2025-10-09,Night,00:21,08:36,8.25,Present,72,36
W029,2025-10-10,Morning,08:10,16:08,7.97,Absent,0,0
W030,2025-10-01,Evening,16:36,00:38,8.03,Present,77,31
W030,2025-10-02,Night,00:15,08:04,7.82,Present,81,53
W030,2025-10-03,Morning,08:48,17:13,8.42,Present,72,55
W030,2025-10-04,Night,00:01,07:55,7.9,Absent,0,0
W030,2025-10-05,Morning,08:30,16:25,7.92,Present,77,52
W030,2025-10-06,Evening,16:31,00:48,8.28,Present,81,35
W030,2025-10-07,Evening,16:40,01:02,8.37,Present,96,38
W030,2025-10-08,Evening,16:02,23:52,7.83,Present,95,47
W030,2025-10-09,Night,00:00,08:07,8.12,Absent,0,0
W030,2025-10-10,Morning,08:42,16:39,7.95,Present,83,50
W031,2025-10-01,Evening,16:53,01:18,8.42,Present,94,38
W031,2025-10-02,Morning,08:44,16:37,7.88,Present,89,47
W031,2025-10-03,Evening,16:23,00:38,8.25,Present,78,46
W031,2025-10-04,Morning,08:12,16:06,7.9,Present,98,41
W031,2025-10-05,Night,00:28,08:40,8.2,Present,89,33
W031,2025-10-06,Night,00:44,09:09,8.42,Present,77,53
W031,2025-10-07,Evening,16:22,00:46,8.4,Absent,0,0
W031,2025-10-08,Morning,08:00,15:58,7.97,Present,90,45
W031,2025-10-09,Morning,08:40,16:32,7.87,Present,92,30
W031,2025-10-10,Evening,16:24,00:43,8.32,Present,74,37
W032,2025-10-01,Evening,16:20,00:47,8.45,Present,78,33
W032,2025-10-02,Evening,16:02,23:47,7.75,Present,91,53
W032,2025-10-03,Night,00:45,08:40,7.92,Present,83,34
W032,2025-10-04,Morning,08:44,17:09,8.42,Present,83,39
W032,2025-10-05,Night,00:42,08:56,8.23,Present,80,51
W032,2025-10-06,Evening,16:27,00:30,8.05,Present,84,36
W032,2025-10-07,Evening,16:43,01:04,8.35,Present,84,40
W032,2025-10-08,Night,00:46,08:36,7.83,Present,94,40
W032,2025-10-09,Evening,16:31,00:24,7.88,Present,70,38
W032,2025-10-10,Night,00:06,08:00,7.9,Present,84,38
W033,2025-10-01,Morning,08:52,16:37,7.75,Present,97,40
W033,2025-10-02,Evening,16:04,00:33,8.48,Absent,0,0
W033,2025-10-03,Night,00:21,08:11,7.83,Present,74,36
W033,2025-10-04,Night,00:47,08:39,7.87,Present,84,57
W033,2025-10-05,Morning,08:12,16:23,8.18,Present,76,31
W033,2025-10-06,Morning,08:03,15:52,7.82,Present,77,49
W033,2025-10-07,Evening,16:23,00:14,7.85,Present,80,41
W033,2025-10-08,Morning,08:07,16:21,8.23,Present,81,53
W033,2025-10-09,Night,00:39,09:08,8.48,Present,70,47
W033,2025-10-10,Evening,16:14,00:11,7.95,Present,94,57
W034,2025-10-01,Evening,16:25,00:41,8.27,Present,84,37
W034,2025-10-02,Morning,08:40,16:38,7.97,Present,95,55
W034,2025-10-03,Night,00:02,08:18,8.27,Present,75,36
W034,2025-10-04,Morning,08:08,15:54,7.77,Present,89,58
W034,2025-10-05,Morning,08:24,16:26,8.03,Present,94,42
W034,2025-10-06,Evening,16:26,00:51,8.42,Present,93,33
W034,2025-10-07,Night,00:31,08:48,8.28,Present,76,57
W034,2025-10-08,Evening,16:52,01:02,8.17,Present,90,57
W034,2025-10-09,Night,00:24,08:20,7.93,Present,88,46
W034,2025-10-10,Evening,16:02,23:51,7.82,Present,93,37
W035,2025-10-01,Morning,08:47,17:16,8.48,Present,94,47
W035,2025-10-02,Morning,08:00,16:24,8.4,Present,99,50
W035,2025-10-03,Night,00:18,08:43,8.42,Absent,0,0
W035,2025-10-04,Evening,16:17,00:45,8.47,Absent,0,0
W035,2025-10-05,Morning,08:23,16:52,8.48,Present,75,54
W035,2025-10-06,Evening,16:52,01:22,8.5,Present,76,46
W035,2025-10-07,Evening,16:45,00:41,7.93,Present,71,43
W035,2025-10-08,Evening,16:40,00:52,8.2,Present,71,53
W035,2025-10-09,Evening,16:51,01:05,8.23,Absent,0,0
W035,2025-10-10,Evening,16:40,00:26,7.77,Present,93,47
W036,2025-10-01,Evening,16:48,00:54,8.1,Present,85,56
W036,2025-10-02,Evening,16:57,01:04,8.12,Present,92,39
W036,2025-10-03,Morning,08:05,16:25,8.33,Present,86,33
W036,2025-10-04,Morning,08:25,16:33,8.13,Absent,0,0
W036,2025-10-05,Night,00:01,08:07,8.1,Present,79,50
W036,2025-10-06,Evening,16:08,00:29,8.35,Present,93,53
W036,2025-10-07,Morning,08:55,16:43,7.8,Present,95,38
W036,2025-10-08,Morning,08:21,16:22,8.02,Present,82,46
W036,2025-10-09,Morning,08:49,17:15,8.43,Present,88,56
W036,2025-10-10,Evening,16:11,00:02,7.85,Present,70,47
W037,2025-10-01,Morning,08:00,15:57,7.95,Present,73,45
W037,2025-10-02,Evening,16:22,00:51,8.48,Present,75,41
W037,2025-10-03,Evening,16:37,00:29,7.87,Absent,0,0
W037,2025-10-04,Night,00:12,08:31,8.32,Present,71,60
W037,2025-10-05,Evening,16:17,00:02,7.75,Present,74,32
W037,2025-10-06,Morning,08:06,15:53,7.78,Present,79,55
W037,2025-10-07,Morning,08:49,16:55,8.1,Present,75,40
W037,2025-10-08,Morning,08:50,17:13,8.38,Absent,0,0
W037,2025-10-09,Night,00:21,08:29,8.13,Absent,0,0
W037,2025-10-10,Morning,08:42,16:43,8.02,Present,87,50
W038,2025-10-01,Morning,08:15,16:20,8.08,Present,82,60
W038,2025-10-02,Evening,16:27,00:14,7.78,Present,72,53
W038,2025-10-03,Evening,16:54,01:20,8.43,Present,96,38
W038,2025-10-04,Morning,08:33,16:48,8.25,Present,86,42
W038,2025-10-05,Morning,08:17,16:34,8.28,Present,72,39
W038,2025-10-06,Evening,16:31,00:38,8.12,Absent,0,0
W038,2025-10-07,Night,00:53,08:49,7.93,Present,100,49
W038,2025-10-08,Evening,16:55,01:10,8.25,Present,75,57
W038,2025-10-09,Night,00:39,09:02,8.38,Present,88,51
W038,2025-10-10,Morning,08:15,16:10,7.92,Present,94,58
W039,2025-10-01,Night,00:29,08:53,8.4,Present,75,31
W039,2025-10-02,Morning,08:05,16:30,8.42,Present,92,31
W039,2025-10-03,Morning,08:19,16:48,8.48,Present,78,56
W039,2025-10-04,Morning,08:08,16:25,8.28,Absent,0,0
W039,2025-10-05,Morning,08:36,16:47,8.18,Present,74,41
W039,2025-10-06,Night,00:26,08:29,8.05,Present,100,43
W039,2025-10-07,Night,00:13,08:10,7.95,Present,98,30
W039,2025-10-08,Night,00:50,09:11,8.35,Present,76,60
W039,2025-10-09,Night,00:05,08:35,8.5,Present,75,38
W039,2025-10-10,Morning,08:27,16:56,8.48,Present,98,33
W040,2025-10-01,Evening,16:07,23:54,7.78,Present,82,47
W040,2025-10-02,Evening,16:09,00:09,8,Absent,0,0
W040,2025-10-03,Night,00:53,09:11,8.3,Present,98,52
W040,2025-10-04,Night,00:06,08:36,8.5,Present,71,31
W040,2025-10-05,Morning,08:53,17:23,8.5,Present,99,30
W040,2025-10-06,Morning,08:26,16:50,8.4,Present,95,54
W040,2025-10-07,Night,00:02,08:05,8.05,Present,96,33
W040,2025-10-08,Morning,08:50,16:42,7.87,Present,80,52
W040,2025-10-09,Evening,16:23,00:48,8.42,Present,82,32
W040,2025-10-10,Night,00:47,09:09,8.37,Present,86,38
W041,2025-10-01,Morning,08:43,16:32,7.82,Present,83,30
W041,2025-10-02,Morning,08:43,16:38,7.92,Present,76,45
W041,2025-10-03,Evening,16:59,01:09,8.17,Present,92,35
W041,2025-10-04,Morning,08:53,17:18,8.42,Present,72,40
W041,2025-10-05,Evening,16:18,00:11,7.88,Present,87,55
W041,2025-10-06,Evening,16:39,00:29,7.83,Present,76,43
W041,2025-10-07,Night,00:40,08:46,8.1,Present,91,37
W041,2025-10-08,Evening,16:35,00:49,8.23,Present,90,53
W041,2025-10-09,Evening,16:34,00:55,8.35,Present,98,54
W041,2025-10-10,Night,00:41,08:41,8,Present,89,32
W042,2025-10-01,Morning,08:50,16:35,7.75,Present,95,35
W042,2025-10-02,Evening,16:10,00:26,8.27,Present,94,48
W042,2025-10-03,Morning,08:17,16:03,7.77,Present,91,59
W042,2025-10-04,Night,00:14,08:23,8.15,Present,75,54
W042,2025-10-05,Night,00:58,09:17,8.32,Present,91,34
W042,2025-10-06,Evening,16:24,00:09,7.75,Present,85,30
W042,2025-10-07,Morning,08:32,16:45,8.22,Present,93,43
W042,2025-10-08,Night,00:00,08:17,8.28,Present,87,43
W042,2025-10-09,Evening,16:48,00:41,7.88,Present,93,31
W042,2025-10-10,Night,00:07,08:34,8.45,Present,98,36
W043,2025-10-01,Night,00:07,08:24,8.28,Present,90,52
W043,2025-10-02,Night,00:46,08:42,7.93,Present,83,56
W043,2025-10-03,Morning,08:30,16:59,8.48,Present,90,40
W043,2025-10-04,Evening,16:14,00:06,7.87,Present,88,49
W043,2025-10-05,Evening,16:12,00:02,7.83,Present,100,42
W043,2025-10-06,Evening,16:59,01:28,8.48,Present,71,50
W043,2025-10-07,Morning,08:26,16:18,7.87,Present,79,48
W043,2025-10-08,Night,00:53,08:43,7.83,Present,70,53
W043,2025-10-09,Evening,16:58,01:04,8.1,Present,77,38
W043,2025-10-10,Evening,16:41,01:10,8.48,Absent,0,0
W044,2025-10-01,Night,00:29,08:22,7.88,Present,76,59
W044,2025-10-02,Evening,16:59,00:58,7.98,Present,90,40
W044,2025-10-03,Night,00:20,08:16,7.93,Present,78,49
W044,2025-10-04,Night,00:35,09:02,8.45,Present,100,33
W044,2025-10-05,Morning,08:43,16:50,8.12,Present,95,40
W044,2025-10-06,Night,00:16,08:21,8.08,Present,83,31
W044,2025-10-07,Evening,16:50,01:11,8.35,Absent,0,0
W044,2025-10-08,Morning,08:19,16:17,7.97,Present,81,30
W044,2025-10-09,Morning,08:53,17:07,8.23,Present,73,49
W044,2025-10-10,Evening,16:41,00:59,8.3,Present,79,49
W045,2025-10-01,Evening,16:53,01:05,8.2,Present,95,35
W045,2025-10-02,Morning,08:50,16:44,7.9,Present,85,46
W045,2025-10-03,Morning,08:31,16:35,8.07,Present,80,49
W045,2025-10-04,Night,00:26,08:31,8.08,Present,86,31
W045,2025-10-05,Evening,16:54,01:11,8.28,Present,70,46
W045,2025-10-06,Morning,08:20,16:12,7.87,Present,74,59
W045,2025-10-07,Evening,16:36,00:46,8.17,Present,100,40
W045,2025-10-08,Morning,08:24,16:19,7.92,Present,75,57
W045,2025-10-09,Night,00:31,08:29,7.97,Present,74,41
W045,2025-10-10,Night,00:48,09:11,8.38,Absent,0,0
W046,2025-10-01,Evening,16:59,00:46,7.78,Present,87,31
W046,2025-10-02,Evening,16:42,00:41,7.98,Present,77,57
W046,2025-10-03,Night,00:04,08:28,8.4,Present,76,55
W046,2025-10-04,Evening,16:13,00:32,8.32,Present,97,47
W046,2025-10-05,Evening,16:02,23:52,7.83,Present,72,60
W046,2025-10-06,Evening,16:24,00:31,8.12,Present,100,33
W046,2025-10-07,Morning,08:46,17:06,8.33,Present,75,52
W046,2025-10-08,Night,00:12,08:27,8.25,Present,98,34
W046,2025-10-09,Night,00:11,08:10,7.98,Present,75,32
W046,2025-10-10,Night,00:23,08:13,7.83,Present,94,60
W047,2025-10-01,Morning,08:28,16:33,8.08,Present,96,56
W047,2025-10-02,Morning,08:21,16:46,8.42,Present,96,48
W047,2025-10-03,Night,00:04,08:31,8.45,Present,92,60
W047,2025-10-04,Evening,16:18,00:26,8.13,Present,96,57
W047,2025-10-05,Morning,08:04,16:02,7.97,Present,87,44
W047,2025-10-06,Night,00:49,09:18,8.48,Present,93,41
W047,2025-10-07,Morning,08:41,16:35,7.9,Present,72,53
W047,2025-10-08,Evening,16:08,00:15,8.12,Present,87,45
W047,2025-10-09,Night,00:20,08:46,8.43,Present,78,40
W047,2025-10-10,Night,00:11,08:35,8.4,Present,91,33
W048,2025-10-01,Evening,16:21,00:33,8.2,Present,90,47
W048,2025-10-02,Evening,16:49,00:37,7.8,Present,71,60
W048,2025-10-03,Night,00:01,08:07,8.1,Present,100,60
W048,2025-10-04,Night,00:09,08:35,8.43,Present,72,40
W048,2025-10-05,Morning,08:54,16:55,8.02,Absent,0,0
W048,2025-10-06,Evening,16:31,00:40,8.15,Present,72,49
W048,2025-10-07,Morning,08:28,16:18,7.83,Present,81,44
W048,2025-10-08,Morning,08:39,16:32,7.88,Present,96,49
W048,2025-10-09,Evening,16:51,01:09,8.3,Present,96,42
W048,2025-10-10,Evening,16:32,00:30,7.97,Present,86,58
W049,2025-10-01,Evening,16:42,01:06,8.4,Present,95,54
W049,2025-10-02,Night,00:09,08:28,8.32,Present,77,45
W049,2025-10-03,Evening,16:20,00:47,8.45,Present,92,54
W049,2025-10-04,Morning,08:06,16:28,8.37,Present,94,55
W049,2025-10-05,Morning,08:15,16:16,8.02,Present,93,34
W049,2025-10-06,Night,00:51,09:09,8.3,Present,83,45
W049,2025-10-07,Morning,08:33,16:57,8.4,Present,99,47
W049,2025-10-08,Night,00:36,08:57,8.35,Present,92,57
W049,2025-10-09,Night,00:28,08:32,8.07,Present,89,37
W049,2025-10-10,Evening,16:14,00:32,8.3,Present,72,36
W050,2025-10-01,Night,00:43,08:34,7.85,Present,88,41
W050,2025-10-02,Night,00:46,09:05,8.32,Present,82,30
W050,2025-10-03,Morning,08:35,16:47,8.2,Present,83,51
W050,2025-10-04,Night,00:15,08:26,8.18,Present,72,51
W050,2025-10-05,Evening,16:55,00:59,8.07,Present,79,31
W050,2025-10-06,Night,00:27,08:41,8.23,Present,83,44
W050,2025-10-07,Evening,16:34,00:46,8.2,Present,71,54
W050,2025-10-08,Night,00:29,08:57,8.47,Present,80,40
W050,2025-10-09,Morning,08:13,16:17,8.07,Present,82,60
W050,2025-10-10,Morning,08:45,17:04,8.32,Present,83,31
W051,2025-10-01,Morning,08:21,16:12,7.85,Present,83,48
W051,2025-10-02,Night,00:49,09:13,8.4,Present,73,40
W051,2025-10-03,Night,00:17,08:13,7.93,Present,75,59
W051,2025-10-04,Evening,16:37,00:22,7.75,Present,78,49
W051,2025-10-05,Morning,08:21,16:12,7.85,Present,72,46
W051,2025-10-06,Night,00:26,08:17,7.85,Present,73,37
W051,2025-10-07,Morning,08:13,16:11,7.97,Present,100,51
W051,2025-10-08,Evening,16:23,00:44,8.35,Present,91,38
W051,2025-10-09,Morning,08:49,17:01,8.2,Present,86,60
W051,2025-10-10,Night,00:59,09:27,8.47,Present,82,47
W052,2025-10-01,Evening,16:33,00:28,7.92,Present,85,50
W052,2025-10-02,Evening,16:05,23:57,7.87,Present,98,34
W052,2025-10-03,Night,00:25,08:20,7.92,Present,72,33
W052,2025-10-04,Morning,08:55,16:49,7.9,Present,97,55
W052,2025-10-05,Night,00:06,07:56,7.83,Present,81,54
W052,2025-10-06,Evening,16:14,00:15,8.02,Present,80,33
W052,2025-10-07,Night,00:47,09:05,8.3,Present,96,30
W052,2025-10-08,Evening,16:24,00:49,8.42,Present,95,35
W052,2025-10-09,Morning,08:12,16:06,7.9,Present,87,47
W052,2025-10-10,Night,00:20,08:26,8.1,Present,83,54
W053,2025-10-01,Evening,16:14,00:00,7.77,Present,91,36
W053,2025-10-02,Evening,16:21,00:26,8.08,Present,95,58
W053,2025-10-03,Morning,08:34,16:54,8.33,Absent,0,0
W053,2025-10-04,Night,00:47,09:11,8.4,Present,80,37
W053,2025-10-05,Evening,16:22,00:31,8.15,Present,81,55
W053,2025-10-06,Morning,08:30,16:52,8.37,Present,84,38
W053,2025-10-07,Evening,16:05,00:32,8.45,Present,76,51
W053,2025-10-08,Evening,16:09,00:39,8.5,Present,78,45
W053,2025-10-09,Night,00:27,08:20,7.88,Present,83,60
W053,2025-10-10,Evening,16:09,00:15,8.1,Present,84,38
W054,2025-10-01,Evening,16:37,00:29,7.87,Present,80,53
W054,2025-10-02,Night,00:58,08:44,7.77,Present,76,34
W054,2025-10-03,Evening,16:43,00:32,7.82,Absent,0,0
W054,2025-10-04,Evening,16:14,00:04,7.83,Present,86,39
W054,2025-10-05,Evening,16:52,01:02,8.17,Present,72,53
W054,2025-10-06,Morning,08:17,16:10,7.88,Present,86,60
W054,2025-10-07,Night,00:47,08:48,8.02,Present,93,59
W054,2025-10-08,Evening,16:20,00:09,7.82,Absent,0,0
W054,2025-10-09,Night,00:04,08:11,8.12,Present,92,44
W054,2025-10-10,Morning,08:43,16:37,7.9,Present,98,33
W055,2025-10-01,Morning,08:40,16:25,7.75,Present,87,49
W055,2025-10-02,Night,00:41,08:37,7.93,Present,81,52
W055,2025-10-03,Night,00:43,08:42,7.98,Present,73,37
W055,2025-10-04,Night,00:12,08:29,8.28,Present,74,51
W055,2025-10-05,Morning,08:32,16:22,7.83,Present,94,52
W055,2025-10-06,Evening,16:06,00:04,7.97,Present,72,30
W055,2025-10-07,Night,00:32,08:23,7.85,Present,71,41
W055,2025-10-08,Night,00:38,08:56,8.3,Present,87,53
W055,2025-10-09,Morning,08:26,16:32,8.1,Present,95,34
W055,2025-10-10,Night,00:36,08:42,8.1,Present,77,45
W056,2025-10-01,Evening,16:15,00:14,7.98,Present,95,34
W056,2025-10-02,Morning,08:13,16:41,8.47,Present,75,57
W056,2025-10-03,Night,00:25,08:40,8.25,Present,83,55
W056,2025-10-04,Evening,16:00,00:11,8.18,Present,93,45
W056,2025-10-05,Evening,16:36,00:46,8.17,Present,88,39
W056,2025-10-06,Evening,16:16,00:39,8.38,Present,82,49
W056,2025-10-07,Night,00:30,08:57,8.45,Present,79,37
W056,2025-10-08,Night,00:48,09:00,8.2,Present,74,37
W056,2025-10-09,Morning,08:13,16:40,8.45,Present,85,31
W056,2025-10-10,Evening,16:55,00:59,8.07,Present,84,50
W057,2025-10-01,Morning,08:03,16:20,8.28,Present,91,49
W057,2025-10-02,Evening,16:08,00:01,7.88,Present,93,58
W057,2025-10-03,Morning,08:09,16:13,8.07,Present,74,43
W057,2025-10-04,Night,00:13,07:59,7.77,Present,88,48
W057,2025-10-05,Evening,16:35,00:43,8.13,Present,80,60
W057,2025-10-06,Night,00:43,08:38,7.92,Present,80,48
W057,2025-10-07,Night,00:39,09:04,8.42,Present,74,41
W057,2025-10-08,Evening,16:45,01:13,8.47,Present,78,32
W057,2025-10-09,Night,00:27,08:41,8.23,Present,89,59
W057,2025-10-10,Morning,08:33,16:55,8.37,Present,92,51
W058,2025-10-01,Night,00:45,09:08,8.38,Present,77,55
W058,2025-10-02,Night,00:39,08:29,7.83,Present,80,49
W058,2025-10-03,Morning,08:50,16:50,8,Present,79,48
W058,2025-10-04,Morning,08:26,16:21,7.92,Present,77,42
W058,2025-10-05,Evening,16:52,00:55,8.05,Present,80,40
W058,2025-10-06,Evening,16:06,00:04,7.97,Present,99,48
W058,2025-10-07,Morning,08:42,16:27,7.75,Present,95,58
W058,2025-10-08,Evening,16:24,00:46,8.37,Absent,0,0
W058,2025-10-09,Evening,16:45,00:38,7.88,Present,87,54
W058,2025-10-10,Morning,08:15,16:09,7.9,Present,70,43
W059,2025-10-01,Evening,16:39,00:35,7.93,Present,99,30
W059,2025-10-02,Morning,08:21,16:27,8.1,Present,75,30
W059,2025-10-03,Evening,16:11,00:07,7.93,Present,75,58
W059,2025-10-04,Morning,08:31,16:42,8.18,Present,87,58
W059,2025-10-05,Evening,16:56,01:20,8.4,Absent,0,0
W059,2025-10-06,Night,00:47,08:38,7.85,Present,85,56
W059,2025-10-07,Night,00:03,08:09,8.1,Absent,0,0
W059,2025-10-08,Evening,16:19,00:35,8.27,Present,90,43
W059,2025-10-09,Morning,08:36,16:36,8,Present,94,33
W059,2025-10-10,Evening,16:50,01:08,8.3,Present,92,31
W060,2025-10-01,Morning,08:53,17:12,8.32,Present,98,36
W060,2025-10-02,Evening,16:12,00:23,8.18,Present,78,50
W060,2025-10-03,Evening,16:45,00:57,8.2,Present,78,30
W060,2025-10-04,Evening,16:45,01:13,8.47,Present,80,59
W060,2025-10-05,Morning,08:22,16:50,8.47,Present,95,50
W060,2025-10-06,Morning,08:19,16:26,8.12,Present,86,46
W060,2025-10-07,Morning,08:03,16:14,8.18,Absent,0,0
W060,2025-10-08,Morning,08:28,16:43,8.25,Present,74,49
W060,2025-10-09,Morning,08:50,17:00,8.17,Present,96,37
W060,2025-10-10,Evening,16:45,01:06,8.35,Present,72,43
W061,2025-10-01,Night,00:55,08:42,7.78,Present,71,36
W061,2025-10-02,Morning,08:47,16:42,7.92,Present,88,34
W061,2025-10-03,Evening,16:45,01:09,8.4,Present,75,40
W061,2025-10-04,Evening,16:10,00:00,7.83,Absent,0,0
W061,2025-10-05,Night,00:18,08:47,8.48,Present,89,45
W061,2025-10-06,Morning,08:58,17:03,8.08,Present,75,39
W061,2025-10-07,Evening,16:13,00:35,8.37,Present,75,32
W061,2025-10-08,Night,00:53,08:46,7.88,Present,79,50
W061,2025-10-09,Morning,08:55,17:05,8.17,Present,85,44
W061,2025-10-10,Morning,08:25,16:24,7.98,Present,89,42
W062,2025-10-01,Evening,16:12,00:17,8.08,Present,74,51
W062,2025-10-02,Night,00:07,08:31,8.4,Present,96,53
W062,2025-10-03,Evening,16:11,00:20,8.15,Present,91,57
W062,2025-10-04,Night,00:34,08:44,8.17,Present,99,48
W062,2025-10-05,Night,00:32,08:31,7.98,Absent,0,0
W062,2025-10-06,Night,00:29,08:40,8.18,Present,87,57
W062,2025-10-07,Evening,16:52,00:42,7.83,Absent,0,0
W062,2025-10-08,Evening,16:37,00:23,7.77,Present,94,55
W062,2025-10-09,Evening,16:02,00:06,8.07,Present,83,48
W062,2025-10-10,Night,00:03,08:21,8.3,Present,80,54
W063,2025-10-01,Night,00:30,08:29,7.98,Present,96,32
W063,2025-10-02,Morning,08:51,16:36,7.75,Present,72,51
W063,2025-10-03,Evening,16:11,00:14,8.05,Present,72,38
W063,2025-10-04,Evening,16:33,00:50,8.28,Present,93,60
W063,2025-10-05,Evening,16:45,01:01,8.27,Present,76,30
W063,2025-10-06,Morning,08:55,17:23,8.47,Present,86,42
W063,2025-10-07,Morning,08:28,16:13,7.75,Present,81,49
W063,2025-10-08,Morning,08:51,17:20,8.48,Present,96,45
W063,2025-10-09,Night,00:59,08:57,7.97,Present,81,32
W063,2025-10-10,Evening,16:06,00:34,8.47,Present,90,31
W064,2025-10-01,Night,00:09,08:07,7.97,Present,96,59
W064,2025-10-02,Morning,08:19,16:44,8.42,Present,81,34
W064,2025-10-03,Evening,16:59,00:45,7.77,Present,85,50
W064,2025-10-04,Morning,08:48,17:15,8.45,Present,94,31
W064,2025-10-05,Evening,16:41,00:55,8.23,Present,97,34
W064,2025-10-06,Evening,16:50,00:46,7.93,Present,83,51
W064,2025-10-07,Evening,16:01,23:57,7.93,Present,73,39
W064,2025-10-08,Morning,08:25,16:26,8.02,Present,84,39
W064,2025-10-09,Night,00:12,08:12,8,Present,71,45
W064,2025-10-10,Morning,08:48,16:33,7.75,Present,95,60
W065,2025-10-01,Morning,08:59,17:29,8.5,Present,91,35
W065,2025-10-02,Night,00:19,08:31,8.2,Absent,0,0
W065,2025-10-03,Morning,08:46,17:05,8.32,Absent,0,0
W065,2025-10-04,Night,00:27,08:30,8.05,Present,85,51
W065,2025-10-05,Evening,16:52,01:05,8.22,Present,95,41
W065,2025-10-06,Night,00:04,07:50,7.77,Present,90,30
W065,2025-10-07,Morning,08:28,16:49,8.35,Present,87,57
W065,2025-10-08,Morning,08:31,16:58,8.45,Present,78,58
W065,2025-10-09,Morning,08:40,16:27,7.78,Absent,0,0
W065,2025-10-10,Evening,16:34,00:28,7.9,Present,100,57
W066,2025-10-01,Night,00:08,08:29,8.35,Present,74,44
W066,2025-10-02,Morning,08:16,16:17,8.02,Present,73,30
W066,2025-10-03,Evening,16:44,00:42,7.97,Present,70,44
W066,2025-10-04,Night,00:46,08:32,7.77,Present,80,52
W066,2025-10-05,Evening,16:15,00:00,7.75,Present,74,57
W066,2025-10-06,Night,00:34,09:01,8.45,Absent,0,0
W066,2025-10-07,Evening,16:53,00:52,7.98,Present,96,37
W066,2025-10-08,Night,00:29,08:46,8.28,Present,95,33
W066,2025-10-09,Evening,16:04,00:25,8.35,Absent,0,0
W066,2025-10-10,Night,00:56,09:14,8.3,Present,99,46
W067,2025-10-01,Morning,08:10,16:22,8.2,Present,70,56
W067,2025-10-02,Evening,16:46,00:58,8.2,Present,96,36
W067,2025-10-03,Night,00:40,08:32,7.87,Present,72,33
W067,2025-10-04,Night,00:19,08:40,8.35,Present,100,34
W067,2025-10-05,Evening,16:56,01:17,8.35,Present,93,43
W067,2025-10-06,Morning,08:42,16:53,8.18,Present,75,35
W067,2025-10-07,Night,00:15,08:44,8.48,Present,75,31
W067,2025-10-08,Morning,08:13,16:17,8.07,Present,81,55
W067,2025-10-09,Night,00:33,09:01,8.47,Present,80,40
W067,2025-10-10,Night,00:39,08:44,8.08,Present,94,59
W068,2025-10-01,Morning,08:30,16:55,8.42,Present,91,56
W068,2025-10-02,Night,00:04,08:31,8.45,Present,92,49
W068,2025-10-03,Morning,08:27,16:52,8.42,Present,96,36
W068,2025-10-04,Evening,16:21,00:16,7.92,Present,74,30
W068,2025-10-05,Evening,16:28,00:35,8.12,Present,71,40
W068,2025-10-06,Night,00:47,09:13,8.43,Present,78,41
W068,2025-10-07,Night,00:34,08:48,8.23,Present,85,41
W068,2025-10-08,Night,00:01,08:18,8.28,Present,97,39
W068,2025-10-09,Morning,08:41,16:48,8.12,Present,98,40
W068,2025-10-10,Evening,16:27,00:43,8.27,Present,98,55
W069,2025-10-01,Night,00:49,09:06,8.28,Present,72,39
W069,2025-10-02,Evening,16:07,23:59,7.87,Present,73,42
W069,2025-10-03,Morning,08:06,16:29,8.38,Present,73,40
W069,2025-10-04,Night,00:38,08:45,8.12,Present,99,60
W069,2025-10-05,Evening,16:03,23:59,7.93,Present,87,31
W069,2025-10-06,Evening,16:19,00:47,8.47,Present,93,48
W069,2025-10-07,Night,00:10,07:55,7.75,Present,85,44
W069,2025-10-08,Morning,08:38,16:48,8.17,Present,85,30
W069,2025-10-09,Morning,08:19,16:16,7.95,Present,92,36
W069,2025-10-10,Night,00:12,08:02,7.83,Present,95,37
W070,2025-10-01,Night,00:34,08:55,8.35,Present,73,55
W070,2025-10-02,Night,00:26,08:51,8.42,Present,76,38
W070,2025-10-03,Night,00:10,08:04,7.9,Present,88,41
W070,2025-10-04,Night,00:01,07:46,7.75,Present,88,37
W070,2025-10-05,Evening,16:57,01:23,8.43,Present,70,34
W070,2025-10-06,Night,00:39,08:43,8.07,Present,85,37
W070,2025-10-07,Morning,08:43,17:05,8.37,Present,95,51
W070,2025-10-08,Morning,08:45,16:59,8.23,Present,89,31
W070,2025-10-09,Night,00:01,08:21,8.33,Present,72,56
W070,2025-10-10,Morning,08:17,16:03,7.77,Present,85,34
W071,2025-10-01,Evening,16:35,01:05,8.5,Present,93,30
W071,2025-10-02,Morning,08:01,16:10,8.15,Present,92,30
W071,2025-10-03,Morning,08:51,17:15,8.4,Present,98,36
W071,2025-10-04,Evening,16:45,00:35,7.83,Present,93,30
W071,2025-10-05,Night,00:36,08:29,7.88,Present,94,36
W071,2025-10-06,Evening,16:24,00:47,8.38,Present,97,41
W071,2025-10-07,Morning,08:31,16:25,7.9,Present,78,55
W071,2025-10-08,Evening,16:56,00:52,7.93,Present,76,60
W071,2025-10-09,Evening,16:21,00:19,7.97,Present,75,58
W071,2025-10-10,Night,00:07,08:22,8.25,Present,90,47
W072,2025-10-01,Morning,08:12,16:35,8.38,Present,88,42
W072,2025-10-02,Night,00:56,08:49,7.88,Absent,0,0
W072,2025-10-03,Morning,08:27,16:45,8.3,Present,78,49
W072,2025-10-04,Night,00:44,09:11,8.45,Present,77,31
W072,2025-10-05,Morning,08:57,17:12,8.25,Present,100,60
W072,2025-10-06,Evening,16:27,00:37,8.17,Present,96,53
W072,2025-10-07,Morning,08:02,15:53,7.85,Absent,0,0
W072,2025-10-08,Evening,16:15,00:15,8,Present,75,34
W072,2025-10-09,Night,00:25,08:31,8.1,Present,79,43
W072,2025-10-10,Morning,08:20,16:47,8.45,Present,72,48
W073,2025-10-01,Morning,08:58,16:45,7.78,Present,84,56
W073,2025-10-02,Evening,16:23,00:33,8.17,Present,78,38
W073,2025-10-03,Morning,08:29,16:20,7.85,Present,80,39
W073,2025-10-04,Night,00:55,09:24,8.48,Present,75,58
W073,2025-10-05,Night,00:52,08:49,7.95,Present,74,53
W073,2025-10-06,Night,00:42,09:00,8.3,Present,72,36
W073,2025-10-07,Evening,16:53,00:40,7.78,Present,73,56
W073,2025-10-08,Evening,16:44,00:44,8,Present,75,40
W073,2025-10-09,Morning,08:34,16:59,8.42,Present,83,52
W073,2025-10-10,Night,00:22,08:47,8.42,Present,74,51
W074,2025-10-01,Night,00:29,08:42,8.22,Present,88,41
W074,2025-10-02,Evening,16:11,00:05,7.9,Absent,0,0
W074,2025-10-03,Morning,08:39,16:52,8.22,Present,72,34
W074,2025-10-04,Evening,16:27,00:55,8.47,Present,71,46
W074,2025-10-05,Evening,16:48,00:37,7.82,Absent,0,0
W074,2025-10-06,Evening,16:58,01:18,8.33,Present,84,39
W074,2025-10-07,Evening,16:19,00:09,7.83,Present,74,54
W074,2025-10-08,Evening,16:12,00:13,8.02,Present,88,53
W074,2025-10-09,Morning,08:23,16:29,8.1,Present,93,46
W074,2025-10-10,Evening,16:36,00:43,8.12,Absent,0,0
W075,2025-10-01,Morning,08:23,16:16,7.88,Present,74,42
W075,2025-10-02,Evening,16:34,01:00,8.43,Present,77,46
W075,2025-10-03,Morning,08:48,16:42,7.9,Present,98,50
W075,2025-10-04,Evening,16:59,01:28,8.48,Present,73,45
W075,2025-10-05,Evening,16:25,00:49,8.4,Present,96,46
W075,2025-10-06,Evening,16:48,00:58,8.17,Present,81,31
W075,2025-10-07,Night,00:12,07:58,7.77,Present,85,40
W075,2025-10-08,Evening,16:34,00:26,7.87,Present,75,30
W075,2025-10-09,Evening,16:53,01:14,8.35,Absent,0,0
W075,2025-10-10,Night,00:22,08:41,8.32,Present,97,58
W076,2025-10-01,Evening,16:18,00:16,7.97,Present,81,53
W076,2025-10-02,Evening,16:21,00:13,7.87,Present,76,33
W076,2025-10-03,Evening,16:01,00:14,8.22,Present,79,42
W076,2025-10-04,Evening,16:51,00:51,8,Present,73,33
W076,2025-10-05,Evening,16:29,00:59,8.5,Present,89,54
W076,2025-10-06,Evening,16:03,00:12,8.15,Present,82,43
W076,2025-10-07,Morning,08:03,16:21,8.3,Present,93,53
W076,2025-10-08,Night,00:17,08:32,8.25,Present,99,36
W076,2025-10-09,Morning,08:26,16:22,7.93,Present,89,40
W076,2025-10-10,Night,00:56,08:57,8.02,Present,81,35
W077,2025-10-01,Morning,08:29,16:41,8.2,Present,71,56
W077,2025-10-02,Night,00:16,08:45,8.48,Present,75,36
W077,2025-10-03,Night,00:41,08:36,7.92,Present,75,46
W077,2025-10-04,Evening,16:18,00:31,8.22,Present,82,30
W077,2025-10-05,Night,00:01,08:10,8.15,Present,100,47
W077,2025-10-06,Evening,16:12,00:39,8.45,Present,87,59
W077,2025-10-07,Morning,08:57,17:19,8.37,Present,83,47
W077,2025-10-08,Night,00:20,08:50,8.5,Present,71,54
W077,2025-10-09,Night,00:19,08:42,8.38,Present,86,55
W077,2025-10-10,Evening,16:50,00:43,7.88,Present,77,41
W078,2025-10-01,Night,00:17,08:29,8.2,Present,74,36
W078,2025-10-02,Morning,08:34,16:20,7.77,Present,88,49
W078,2025-10-03,Night,00:14,08:42,8.47,Present,84,36
W078,2025-10-04,Evening,16:23,00:39,8.27,Present,81,50
W078,2025-10-05,Night,00:45,08:41,7.93,Present,99,50
W078,2025-10-06,Morning,08:10,16:14,8.07,Present,71,35
W078,2025-10-07,Morning,08:12,15:58,7.77,Present,77,33
W078,2025-10-08,Night,00:09,08:36,8.45,Present,72,40
W078,2025-10-09,Morning,08:42,16:53,8.18,Present,98,42
W078,2025-10-10,Night,00:33,08:24,7.85,Present,88,46
W079,2025-10-01,Night,00:50,08:38,7.8,Present,86,33
W079,2025-10-02,Morning,08:52,17:09,8.28,Present,72,32
W079,2025-10-03,Night,00:45,08:53,8.13,Present,96,41
W079,2025-10-04,Morning,08:25,16:46,8.35,Present,84,44
W079,2025-10-05,Morning,08:21,16:25,8.07,Present,95,59
W079,2025-10-06,Evening,16:39,00:42,8.05,Present,71,51
W079,2025-10-07,Evening,16:41,00:52,8.18,Present,90,49
W079,2025-10-08,Night,00:20,08:20,8,Present,95,37
W079,2025-10-09,Morning,08:23,16:44,8.35,Present,85,31
W079,2025-10-10,Night,00:54,08:40,7.77,Present,79,49
W080,2025-10-01,Morning,08:11,16:13,8.03,Absent,0,0
W080,2025-10-02,Evening,16:54,00:40,7.77,Present,93,50
W080,2025-10-03,Night,00:12,08:07,7.92,Present,76,47
W080,2025-10-04,Night,00:31,08:24,7.88,Present,73,53
W080,2025-10-05,Night,00:58,09:22,8.4,Present,97,47
W080,2025-10-06,Evening,16:33,00:45,8.2,Present,70,56
W080,2025-10-07,Evening,16:39,01:06,8.45,Present,83,39
W080,2025-10-08,Evening,16:52,00:44,7.87,Present,96,59
W080,2025-10-09,Morning,08:27,16:21,7.9,Present,75,56
W080,2025-10-10,Evening,16:43,00:34,7.85,Present,79,46
W081,2025-10-01,Evening,16:55,01:13,8.3,Present,80,49
W081,2025-10-02,Night,00:36,09:03,8.45,Present,75,45
W081,2025-10-03,Morning,08:26,16:22,7.93,Present,91,32
W081,2025-10-04,Evening,16:32,00:31,7.98,Present,88,38
W081,2025-10-05,Evening,16:49,00:53,8.07,Present,71,45
W081,2025-10-06,Evening,16:26,00:13,7.78,Present,88,47
W081,2025-10-07,Morning,08:47,16:34,7.78,Present,95,54
W081,2025-10-08,Evening,16:27,00:18,7.85,Absent,0,0
W081,2025-10-09,Morning,08:55,17:22,8.45,Present,85,54
W081,2025-10-10,Morning,08:35,16:20,7.75,Present,92,42
W082,2025-10-01,Night,00:30,08:28,7.97,Present,89,53
W082,2025-10-02,Night,00:18,08:35,8.28,Present,96,56
W082,2025-10-03,Night,00:20,08:45,8.42,Present,89,46
W082,2025-10-04,Evening,16:38,01:03,8.42,Present,85,50
W082,2025-10-05,Night,00:55,08:51,7.93,Present,76,35
W082,2025-10-06,Evening,16:26,00:42,8.27,Present,100,30
W082,2025-10-07,Night,00:43,08:35,7.87,Present,87,35
W082,2025-10-08,Night,00:54,09:16,8.37,Absent,0,0
W082,2025-10-09,Night,00:38,08:34,7.93,Present,95,32
W082,2025-10-10,Morning,08:25,16:29,8.07,Present,83,41
W083,2025-10-01,Evening,16:07,00:34,8.45,Present,83,60
W083,2025-10-02,Evening,16:23,00:22,7.98,Present,83,54
W083,2025-10-03,Morning,08:49,16:41,7.87,Present,87,59
W083,2025-10-04,Night,00:25,08:41,8.27,Present,89,35
W083,2025-10-05,Night,00:01,08:07,8.1,Present,92,55
W083,2025-10-06,Morning,08:59,17:29,8.5,Present,88,38
W083,2025-10-07,Night,00:54,09:03,8.15,Present,81,38
W083,2025-10-08,Night,00:04,08:20,8.27,Present,92,36
W083,2025-10-09,Night,00:55,09:15,8.33,Present,83,57
W083,2025-10-10,Night,00:48,08:42,7.9,Present,87,41
W084,2025-10-01,Morning,08:19,16:11,7.87,Present,98,60
W084,2025-10-02,Night,00:04,08:21,8.28,Present,74,50
W084,2025-10-03,Morning,08:04,16:31,8.45,Present,72,47
W084,2025-10-04,Morning,08:21,16:40,8.32,Present,100,45
W084,2025-10-05,Night,00:37,08:22,7.75,Present,83,38
W084,2025-10-06,Night,00:35,08:23,7.8,Present,93,47
W084,2025-10-07,Morning,08:56,16:49,7.88,Present,93,40
W084,2025-10-08,Morning,08:27,16:49,8.37,Present,89,53
W084,2025-10-09,Evening,16:57,00:42,7.75,Present,96,38
W084,2025-10-10,Evening,16:52,00:43,7.85,Present,83,33
W085,2025-10-01,Night,00:36,08:38,8.03,Present,94,51
W085,2025-10-02,Morning,08:00,16:14,8.23,Present,76,51
W085,2025-10-03,Evening,16:47,00:52,8.08,Present,85,32
W085,2025-10-04,Evening,16:28,00:23,7.92,Present,94,50
W085,2025-10-05,Night,00:53,09:03,8.17,Absent,0,0
W085,2025-10-06,Morning,08:57,16:50,7.88,Present,96,54
W085,2025-10-07,Evening,16:35,00:57,8.37,Present,91,30
W085,2025-10-08,Night,00:01,08:20,8.32,Present,84,50
W085,2025-10-09,Evening,16:40,01:03,8.38,Present,74,32
W085,2025-10-10,Evening,16:58,00:44,7.77,Present,74,59
W086,2025-10-01,Morning,08:10,16:00,7.83,Present,86,55
W086,2025-10-02,Evening,16:50,00:56,8.1,Present,72,47
W086,2025-10-03,Night,00:38,08:57,8.32,Absent,0,0
W086,2025-10-04,Morning,08:55,17:13,8.3,Present,90,43
W086,2025-10-05,Evening,16:44,00:38,7.9,Present,79,33
W086,2025-10-06,Evening,16:43,00:49,8.1,Present,84,34
W086,2025-10-07,Night,00:39,08:49,8.17,Present,88,48
W086,2025-10-08,Evening,16:41,00:54,8.22,Present,95,50
W086,2025-10-09,Evening,16:07,00:00,7.88,Present,74,48
W086,2025-10-10,Night,00:18,08:47,8.48,Present,74,35
W087,2025-10-01,Evening,16:27,00:33,8.1,Present,89,44
W087,2025-10-02,Night,00:43,09:13,8.5,Present,84,33
W087,2025-10-03,Night,00:46,08:35,7.82,Present,85,52
W087,2025-10-04,Night,00:45,08:45,8,Present,83,35
W087,2025-10-05,Evening,16:51,00:42,7.85,Present,87,56
W087,2025-10-06,Morning,08:52,16:44,7.87,Present,93,39
W087,2025-10-07,Evening,16:30,00:50,8.33,Present,86,40
W087,2025-10-08,Night,00:42,08:42,8,Present,90,31
W087,2025-10-09,Night,00:31,08:16,7.75,Present,95,43
W087,2025-10-10,Evening,16:50,01:02,8.2,Present,76,46
W088,2025-10-01,Morning,08:30,16:49,8.32,Present,78,48
W088,2025-10-02,Morning,08:51,16:37,7.77,Present,94,49
W088,2025-10-03,Morning,08:32,16:24,7.87,Present,96,44
W088,2025-10-04,Evening,16:54,01:20,8.43,Present,85,52
W088,2025-10-05,Evening,16:04,23:51,7.78,Absent,0,0
W088,2025-10-06,Night,00:23,08:23,8,Absent,0,0
W088,2025-10-07,Evening,16:06,00:12,8.1,Present,99,33
W088,2025-10-08,Night,00:16,08:43,8.45,Absent,0,0
W088,2025-10-09,Night,00:34,08:33,7.98,Present,81,54
W088,2025-10-10,Morning,08:48,16:58,8.17,Present,84,51
W089,2025-10-01,Morning,08:25,16:37,8.2,Present,70,39
W089,2025-10-02,Evening,16:00,23:47,7.78,Present,86,60
W089,2025-10-03,Evening,16:08,00:26,8.3,Present,74,45
W089,2025-10-04,Night,00:56,09:24,8.47,Present,93,48
W089,2025-10-05,Night,00:33,08:58,8.42,Present,77,43
W089,2025-10-06,Morning,08:14,16:21,8.12,Present,85,53
W089,2025-10-07,Night,00:25,08:42,8.28,Present,77,42
W089,2025-10-08,Night,00:48,08:57,8.15,Absent,0,0
W089,2025-10-09,Night,00:13,08:00,7.78,Present,94,40
W089,2025-10-10,Morning,08:57,17:06,8.15,Present,95,47
W090,2025-10-01,Night,00:21,08:39,8.3,Present,88,55
W090,2025-10-02,Evening,16:02,23:59,7.95,Present,79,36
W090,2025-10-03,Morning,08:10,16:05,7.92,Present,73,33
W090,2025-10-04,Night,00:26,08:15,7.82,Present,87,46
W090,2025-10-05,Morning,08:56,16:45,7.82,Present,73,38
W090,2025-10-06,Morning,08:31,16:18,7.78,Present,95,51
W090,2025-10-07,Night,00:09,07:59,7.83,Absent,0,0
W090,2025-10-08,Evening,16:24,00:35,8.18,Present,74,38
W090,2025-10-09,Morning,08:38,17:03,8.42,Present,81,36
W090,2025-10-10,Evening,16:38,00:47,8.15,Present,73,58
W091,2025-10-01,Evening,16:08,00:17,8.15,Present,72,39
W091,2025-10-02,Morning,08:37,16:58,8.35,Present,94,35
W091,2025-10-03,Night,00:48,09:03,8.25,Present,70,60
W091,2025-10-04,Morning,08:08,15:56,7.8,Present,85,49
W091,2025-10-05,Morning,08:54,17:00,8.1,Present,79,48
W091,2025-10-06,Morning,08:29,16:26,7.95,Present,73,52
W091,2025-10-07,Evening,16:32,00:55,8.38,Present,75,40
W091,2025-10-08,Evening,16:57,00:53,7.93,Present,80,38
W091,2025-10-09,Morning,08:11,16:29,8.3,Present,72,42
W091,2025-10-10,Morning,08:48,16:35,7.78,Present,97,48
W092,2025-10-01,Night,00:18,08:07,7.82,Present,70,30
W092,2025-10-02,Morning,08:00,15:50,7.83,Present,95,44
W092,2025-10-03,Morning,08:35,16:47,8.2,Present,81,33
W092,2025-10-04,Morning,08:54,16:46,7.87,Absent,0,0
W092,2025-10-05,Evening,16:03,23:56,7.88,Absent,0,0
W092,2025-10-06,Evening,16:08,00:33,8.42,Present,71,37
W092,2025-10-07,Night,00:02,07:57,7.92,Present,92,34
W092,2025-10-08,Evening,16:41,00:50,8.15,Present,72,37
W092,2025-10-09,Night,00:55,09:02,8.12,Present,72,42
W092,2025-10-10,Evening,16:58,00:59,8.02,Present,76,41
W093,2025-10-01,Night,00:49,08:43,7.9,Present,84,52
W093,2025-10-02,Evening,16:27,00:46,8.32,Present,70,58
W093,2025-10-03,Evening,16:46,00:39,7.88,Present,76,40
W093,2025-10-04,Night,00:54,09:08,8.23,Present,100,39
W093,2025-10-05,Night,00:19,08:38,8.32,Present,93,44
W093,2025-10-06,Morning,08:33,16:25,7.87,Present,84,32
W093,2025-10-07,Evening,16:55,01:20,8.42,Present,70,31
W093,2025-10-08,Night,00:42,09:03,8.35,Present,99,35
W093,2025-10-09,Evening,16:41,00:53,8.2,Present,92,34
W093,2025-10-10,Night,00:22,08:26,8.07,Present,80,45
W094,2025-10-01,Morning,08:30,16:48,8.3,Absent,0,0
W094,2025-10-02,Night,00:19,08:39,8.33,Present,95,53
W094,2025-10-03,Night,00:59,09:07,8.13,Present,93,54
W094,2025-10-04,Evening,16:00,00:17,8.28,Absent,0,0
W094,2025-10-05,Night,00:39,08:56,8.28,Present,90,57
W094,2025-10-06,Evening,16:32,00:58,8.43,Present,90,44
W094,2025-10-07,Morning,08:33,17:00,8.45,Absent,0,0
W094,2025-10-08,Morning,08:15,16:31,8.27,Absent,0,0
W094,2025-10-09,Evening,16:55,01:24,8.48,Present,98,46
W094,2025-10-10,Evening,16:22,00:38,8.27,Present,93,39
W095,2025-10-01,Evening,16:30,00:32,8.03,Absent,0,0
W095,2025-10-02,Night,00:38,08:28,7.83,Present,94,51
W095,2025-10-03,Morning,08:04,16:23,8.32,Present,86,33
W095,2025-10-04,Evening,16:34,00:53,8.32,Present,79,48
W095,2025-10-05,Evening,16:23,00:15,7.87,Present,80,35
W095,2025-10-06,Morning,08:28,16:47,8.32,Absent,0,0
W095,2025-10-07,Night,00:53,09:17,8.4,Present,93,41
W095,2025-10-08,Night,00:55,09:03,8.13,Present,100,32
W095,2025-10-09,Morning,08:18,16:17,7.98,Present,70,43
W095,2025-10-10,Evening,16:00,00:28,8.47,Present,70,32
W096,2025-10-01,Morning,08:47,16:37,7.83,Present,88,41
W096,2025-10-02,Morning,08:01,15:46,7.75,Present,76,39
W096,2025-10-03,Night,00:22,08:39,8.28,Present,80,32
W096,2025-10-04,Morning,08:47,16:44,7.95,Present,71,49
W096,2025-10-05,Morning,08:08,16:15,8.12,Present,73,35
W096,2025-10-06,Night,00:39,09:06,8.45,Present,91,32
W096,2025-10-07,Morning,08:52,16:44,7.87,Present,82,39
W096,2025-10-08,Morning,08:40,16:44,8.07,Present,82,51
W096,2025-10-09,Morning,08:26,16:54,8.47,Present,95,53
W096,2025-10-10,Evening,16:26,00:33,8.12,Present,89,49
W097,2025-10-01,Morning,08:41,17:02,8.35,Absent,0,0
W097,2025-10-02,Evening,16:42,00:55,8.22,Present,82,51
W097,2025-10-03,Evening,16:34,00:57,8.38,Present,77,50
W097,2025-10-04,Night,00:48,09:11,8.38,Present,98,46
W097,2025-10-05,Morning,08:34,16:27,7.88,Present,80,50
W097,2025-10-06,Evening,16:14,00:01,7.78,Present,77,41
W097,2025-10-07,Evening,16:42,00:32,7.83,Absent,0,0
W097,2025-10-08,Evening,16:10,00:13,8.05,Present,100,57
W097,2025-10-09,Evening,16:43,01:12,8.48,Present,80,55
W097,2025-10-10,Night,00:01,08:13,8.2,Present,72,48
W098,2025-10-01,Night,00:52,09:14,8.37,Present,85,51
W098,2025-10-02,Night,00:47,08:39,7.87,Present,81,40
W098,2025-10-03,Morning,08:25,16:28,8.05,Present,77,39
W098,2025-10-04,Night,00:57,08:51,7.9,Present,95,37
W098,2025-10-05,Evening,16:58,01:18,8.33,Present,98,53
W098,2025-10-06,Night,00:26,08:29,8.05,Present,81,32
W098,2025-10-07,Night,00:22,08:34,8.2,Present,100,33
W098,2025-10-08,Morning,08:34,17:00,8.43,Present,80,48
W098,2025-10-09,Morning,08:02,16:00,7.97,Present,84,52
W098,2025-10-10,Night,00:49,09:12,8.38,Present,73,58
W099,2025-10-01,Night,00:32,08:29,7.95,Present,78,38
W099,2025-10-02,Morning,08:29,16:38,8.15,Present,75,31
W099,2025-10-03,Evening,16:02,00:22,8.33,Present,91,49
W099,2025-10-04,Evening,16:25,00:29,8.07,Present,85,55
W099,2025-10-05,Evening,16:03,00:20,8.28,Present,80,36
W099,2025-10-06,Night,00:48,08:47,7.98,Present,70,60
W099,2025-10-07,Night,00:57,09:17,8.33,Present,82,59
W099,2025-10-08,Night,00:25,08:15,7.83,Present,94,40
W099,2025-10-09,Morning,08:55,17:16,8.35,Present,96,55
W099,2025-10-10,Morning,08:56,17:03,8.12,Present,86,32
W100,2025-10-01,Morning,08:06,16:02,7.93,Present,86,49
W100,2025-10-02,Evening,16:35,01:03,8.47,Present,88,57
W100,2025-10-03,Morning,08:21,16:16,7.92,Absent,0,0
W100,2025-10-04,Morning,08:29,16:39,8.17,Present,93,50
W100,2025-10-05,Night,00:58,09:21,8.38,Present,72,49
W100,2025-10-06,Morning,08:41,16:30,7.82,Present,88,33
W100,2025-10-07,Evening,16:14,00:15,8.02,Present,84,41
W100,2025-10-08,Morning,08:48,17:17,8.48,Present,90,47
W100,2025-10-09,Morning,08:25,16:17,7.87,Present,77,37
W100,2025-10-10,Evening,16:47,00:34,7.78,Present,88,30
